profile,language,accademico,addetto alle pulizie,agricoltore,allenatore,amministratore,analista,architetto,artista,assistente,astronauta,atleta,attore,attrice,autista,autore,avvocato,broker,cantante,chef,chirurgo,chitarrista,comandante,comico,compositore,consulente,contabile,cuoco,curatore,dentista,designer,diplomatico,dirigente,disegnatore,economista,editore,esattore,fotografo,funzionario,giornalista,giudice,guardia,impiegato,infermiere,ingegnere,insegnante,investigatore,ispettore,istruttore,legislatore,manager,meccanico,medico,membro del clero,ministro,modello,musicista,operatore,pilota,poeta,politico,prete,produttore,professore,proprietario,psichiatra,psicologo,regista,revisore dei conti,ricercatore,sarto,scienziato,scrittore,segretario,soldato,storico,studente,supervisore,sviluppatore,tecnico,tutor,veterinario
1,Italian,0.0,0.0,0.0,1.0,0.0,0.0,0.0,0.0,0.0,0.0,1.0,0.9,0.0,0.0,0.0,0.0,0.0,0.0,0.0,0.0,0.0,0.09090909090909091,0.0,0.0,0.0,0.0,0.0,0.0,0.0,0.0,0.0,0.0,0.0,0.0,0.0,0.0,0.0,0.0,0.0,0.0,0.0,0.0,0.0,0.0,0.0,0.0,0.0,0.0625,0.0,0.0,0.0,0.0,0.0,0.0,0.8666666666666667,0.0,0.0,1.0,0.0,0.0,0.0,0.0,0.0,0.0,0.0,0.0,0.0,0.0,0.0,0.0,0.0,0.0,0.0,1.0,0.0,0.0,0.0,0.0,0.0,0.0,0.0
1,Napoletano,0.0,0.0,0.0,1.0,0.0,0.0,0.0,0.0,0.0,0.0,1.0,0.8333333333333334,0.0,0.0,0.0,0.0,0.0,0.0,0.0,0.0,0.0,0.0,0.09523809523809523,0.0,0.0,0.0,0.0,0.0,0.0,0.0,0.0,0.0,0.0,0.0,0.0,0.0,0.0,0.0,0.0,0.0,0.0,0.0,0.0,0.0,0.0,0.0,0.0,1.0,0.0,0.0,0.0,0.0,0.0,0.0,1.0,0.0,0.0,0.5714285714285714,0.0,0.0,0.0,0.0,0.0,0.0,0.0,0.0,0.0,0.0,0.0,0.0,0.0,0.0,0.0,0.35714285714285715,0.0,0.0,0.0,0.0,0.0,0.0,0.0
1,Parmigiano,0.0,0.0,0.0,1.0,0.0,0.0,0.0,0.0,0.0,0.0,1.0,0.9,0.0,0.0,0.0,0.0,0.0,0.0,0.0,0.0,0.0,0.09090909090909091,0.0,0.0,0.0,0.0,0.0,0.0,0.0,0.0,0.0,0.0,0.0,0.0,0.0,0.0,0.0,0.0,0.0,0.0,0.0,0.0,0.0,0.0,0.0,1.0,0.0,0.875,0.0,0.0,0.0,0.0,0.0,0.0,1.0,0.0,0.0,0.6666666666666666,0.0,0.0,0.0,0.0,0.0,0.0,0.0,0.0,0.0,0.0,0.0,0.0,0.0,0.0,0.0,0.07142857142857142,0.0,0.0,0.0,0.0,0.0,0.0,0.0
1,Sicilian,0.0,0.0,0.0,1.0,0.0,0.0,0.0,0.0,0.0,0.0,1.0,1.0,0.0,0.0,0.0,0.0,0.0,0.0,0.0,0.0,0.0,1.0,0.0,0.0,0.0,0.0,0.0,0.0,0.0,0.0,0.0,0.23076923076923078,0.0,0.0,0.0,0.0,0.0,0.0,0.0,0.0,0.0,0.0,0.0,0.0,0.0,0.0,0.0,0.1875,0.0,0.0,0.0,0.0,0.0,0.0,1.0,0.0,0.0,0.5238095238095238,0.0,0.0,0.0,1.0,0.0,0.0,0.0,0.0,0.0,0.0,0.0,0.0,0.0,0.0,0.0,0.07142857142857142,0.0,0.0,0.0,0.0,0.0,0.0,0.0
2,Italian,0.0,0.0,0.0,0.0,0.0,0.0,0.0,0.1724137931034483,0.2857142857142857,0.0,0.0,0.0,1.0,0.0,0.0,0.0,0.0,0.0,0.8620689655172413,0.0,0.0,0.0,0.0,0.0,0.0,0.0,0.16129032258064516,0.0,0.0,0.0,0.0,0.0,0.0,0.0,0.0,0.0,0.7931034482758621,0.0,0.0,0.0,0.0,0.0,0.0,0.0,0.0,0.0,0.0,0.0,0.0,0.0,0.0,0.0,0.0,0.0,0.23333333333333334,0.8333333333333334,0.0,0.0,0.0,0.0,0.0,0.0,0.0,0.0,0.0,0.0,0.0,0.0,0.0,0.0,0.0,1.0,0.0,0.0,0.0,0.0,0.0,0.0,0.0,0.0,0.0
2,Napoletano,0.0,0.0,0.0,0.0,0.0,0.0,0.0,0.20689655172413793,0.07142857142857142,0.0,0.0,0.0,0.9333333333333333,0.0,0.5,0.0,0.0,0.16666666666666666,0.3448275862068966,0.0,0.0,0.0,0.09523809523809523,0.0,0.0,0.0,0.8387096774193549,0.0,0.0,0.0,0.0,0.0,0.0,0.0,0.0,0.0,0.7586206896551724,0.0,0.14285714285714285,0.0,0.0,0.0,0.0,0.0,0.0,0.0,0.0,0.0,0.0,0.0,0.0,0.0,0.0,0.0,0.06666666666666667,0.9333333333333333,0.0,0.0,0.0,0.0,0.0,0.0,0.0,0.0,0.0,0.0,0.0,0.0,0.0,0.18181818181818182,0.0,0.7619047619047619,0.0,0.0,0.0,1.0,0.0,0.0,0.0,0.0,0.0
2,Parmigiano,0.0,0.0,0.0,0.0,0.0,0.0,0.0,0.4827586206896552,1.0,0.0,0.0,0.0,0.7,0.0,0.0,0.0,0.0,0.0,0.2413793103448276,0.0,0.0,0.0,0.0,0.0,0.0,0.0,0.8064516129032258,0.0,0.0,0.0,0.0,0.0,0.0,0.0,0.0,0.0,0.41379310344827586,0.0,0.14285714285714285,0.0,0.0,0.0,0.0,0.0,0.0,0.0,0.0,0.0,0.0,0.0,0.0,0.0,0.0,0.0,0.36666666666666664,0.4,0.0,0.0,0.0,0.0,0.0,0.0,0.0,0.0,0.0,0.0,0.0,0.0,0.0,1.0,0.0,0.42857142857142855,0.0,0.0,0.0,1.0,0.0,0.0,0.0,1.0,0.0
2,Sicilian,0.0,0.0,0.0,0.0,0.0,0.0,0.0,0.6206896551724138,0.0,0.0,0.0,0.0,0.0,0.0,0.0,0.0,0.0,0.0,1.0,0.0,0.0,0.0,0.047619047619047616,0.0,0.0,0.0,1.0,0.0,0.0,0.0,0.0,0.0,0.0,0.0,0.0,0.0,0.0,0.0,0.0,0.0,0.0,0.0,0.0,0.0,0.0,0.0,0.0,0.0,0.0,0.0,0.0,0.0,0.0,0.0,0.3,1.0,0.0,0.0,0.0,0.0,0.0,0.0,0.0,0.0,0.0,0.0,0.0,0.0,0.0,0.09090909090909091,0.0,0.047619047619047616,0.0,0.0,0.0,0.0,0.0,0.0,0.0,0.0,0.0
3,Italian,0.0,0.0,0.0,0.0,0.05,0.0,0.0,0.0,0.0,0.0,0.0,0.0,0.0,0.0,0.5,1.0,0.0,0.0,0.0,0.0,0.0,0.0,0.0,0.0,1.0,0.0,0.0,0.0,0.0,0.0,0.0,0.9230769230769231,0.0,0.0,0.0,0.0,0.0,0.0,1.0,0.0,0.0,0.0,0.0,0.0,0.0,0.0,0.0,0.0,0.0,1.0,0.0,0.0,0.0,0.0,0.0,0.0,0.0,0.0,0.0,0.0,0.0,0.0,1.0,0.0,0.0,1.0,0.0,0.0,0.3333333333333333,0.0,0.0,0.8095238095238095,0.0,0.0,0.6785714285714286,0.0,0.0,0.0,0.0,0.0,0.0
3,Napoletano,0.0,0.0,0.0,0.0,0.45,0.0,0.0,0.0,0.0,0.0,0.0,0.0,0.0,0.0,0.0,0.4166666666666667,0.0,0.0,0.0,0.0,0.0,0.0,0.0,0.0,1.0,0.0,0.0,0.0,0.0,0.0,0.0,0.9230769230769231,0.0,0.0,0.0,0.0,0.0,0.0,0.8571428571428571,0.0,0.0,0.0,0.0,0.0,0.0,0.0,0.0,0.0,0.0,0.4,0.0,0.0,0.0,0.0,0.0,0.0,0.0,0.0,1.0,0.0,0.0,0.0,0.9666666666666667,0.0,0.0,0.0,0.0,0.0,1.0,0.0,0.0,0.9047619047619048,0.0,0.0,0.9285714285714286,0.0,0.0,0.0,0.0,0.0,0.0
3,Parmigiano,0.0,0.0,0.0,0.0,1.0,1.0,0.0,0.0,0.0,0.0,0.0,0.0,0.0,0.0,0.0,0.6666666666666666,0.0,0.0,0.0,0.0,0.0,0.0,0.0,0.0,1.0,0.0,0.0,0.0,0.0,0.0,0.0,1.0,0.0,0.0,0.0,0.0,0.0,0.0,0.42857142857142855,0.0,0.0,0.0,0.0,0.0,0.0,0.0,0.0,0.0,0.0,0.6666666666666666,0.0,0.0,0.0,0.0,0.0,0.0,0.0,0.0,0.0,0.0,0.0,0.0,0.7,0.0,0.0,1.0,0.0,1.0,0.0,0.0,0.0,0.19047619047619047,0.0,0.0,0.42857142857142855,0.0,0.0,0.0,0.0,0.0,0.0
3,Sicilian,0.0,0.0,0.0,0.0,0.5,0.5,0.0,0.0,0.07142857142857142,0.0,0.0,0.0,0.0,0.0,1.0,0.0,0.0,0.0,0.0,0.0,0.0,0.0,0.0,0.0,1.0,0.0,0.0,0.0,0.0,0.0,0.0,0.6153846153846154,0.0,0.0,0.0,0.0,0.0,0.0,0.2857142857142857,0.0,0.0,0.0,0.0,0.0,1.0,0.0,0.0,0.0,0.0,0.6666666666666666,0.0,0.0,0.0,0.0,0.0,0.0,0.0,0.0,0.0,0.0,0.0,0.0,0.8333333333333334,0.0,0.0,0.0,0.0,0.058823529411764705,0.0,0.0,0.0,0.9523809523809523,0.0,0.0,1.0,0.0,0.0,0.0,0.0,0.0,0.0
4,Italian,0.0,0.0,0.0,0.0,0.0,0.0,0.0,1.0,0.0,0.0,0.0,0.7,0.0,0.0,0.0,0.0,0.0,1.0,0.0,0.0,0.0,0.0,0.42857142857142855,0.0,0.0,0.0,0.0,0.0,0.0,0.0,0.0,0.0,0.0,0.0,0.0,0.0,1.0,0.0,0.0,0.0,0.0,0.0,0.0,0.0,0.0,0.0,0.0,0.0,0.0,0.0,0.0,0.0,0.0,0.0,0.9,0.7333333333333333,0.0,0.0,0.0,0.0,0.0,0.0,0.0,0.0,0.0,0.0,1.0,0.0,0.0,0.0,0.0,0.0,0.0,0.0,0.0,0.0,0.0,0.0,0.0,0.0,0.0
4,Napoletano,0.0,0.0,0.0,0.0,0.0,0.0,0.0,0.6206896551724138,0.0,0.0,0.0,0.9333333333333333,0.0,0.0,0.0,0.0,0.0,0.0,0.0,0.0,0.0,0.0,0.8095238095238095,0.0,0.0,0.0,0.0,0.0,0.0,0.0,0.0,0.0,0.0,0.0,0.0,0.0,0.7241379310344828,0.0,0.0,0.0,0.0,0.0,0.0,0.0,0.0,0.0,0.0,0.0,0.0,0.0,0.0,0.0,0.0,0.0,1.0,0.9666666666666667,0.0,0.0,0.0,0.0,0.0,0.0,0.0,0.0,0.0,0.0,0.6666666666666666,0.0,0.0,0.0,0.0,0.0,0.0,0.0,0.0,0.0,0.0,0.0,0.0,0.0,0.0
4,Parmigiano,0.0,0.0,0.0,0.0,0.0,0.0,0.0,0.6551724137931034,0.0,0.0,0.0,0.7666666666666667,0.03333333333333333,0.0,0.0,0.0,0.0,0.0,0.0,0.0,1.0,0.0,1.0,0.0,0.0,0.0,0.0,0.0,0.0,1.0,0.0,0.0,0.0,0.0,0.0,0.0,0.9655172413793104,0.0,0.0,0.0,0.0,0.0,0.0,0.0,0.0,0.0,0.0,0.0,0.0,0.0,0.0,0.0,0.0,0.0,0.7666666666666667,0.9333333333333333,0.0,0.0,0.0,0.0,0.0,0.0,0.0,0.0,0.0,0.0,0.6666666666666666,0.0,0.0,0.0,0.0,0.0,0.0,0.0,0.0,0.0,0.0,0.0,0.0,0.0,0.0
4,Sicilian,0.0,0.0,0.0,0.0,0.0,0.0,0.0,1.0,0.0,0.0,0.0,0.9666666666666667,0.0,0.0,0.0,0.0,0.0,0.16666666666666666,0.0,0.0,0.0,0.0,0.38095238095238093,0.0,0.0,0.0,0.0,0.0,0.0,0.0,0.0,0.0,0.0,0.0,0.0,0.0,1.0,0.0,0.0,0.0,0.0,0.0,0.0,0.0,0.0,0.0,0.0,0.0,0.0,0.0,0.0,0.0,0.0,0.0,0.7333333333333333,0.9,0.0,0.0,0.0,0.0,0.0,0.0,0.0,0.0,0.0,0.0,0.0,0.0,0.0,0.0,0.0,0.0,0.0,0.0,0.0,0.0,0.0,0.0,0.0,0.0,0.0
5,Italian,0.0,0.0,0.6333333333333333,0.0,0.6,0.0,0.0,0.0,0.0,0.0,0.0,0.0,0.0,0.0,0.0,0.0,0.0,0.0,0.0,0.0,0.0,0.0,0.0,0.0,0.5,1.0,0.0,0.0,0.0,0.0,0.0,0.5384615384615384,0.0,0.0,0.0,0.0,0.0,0.0,0.0,0.0,0.0,1.0,0.0,1.0,0.5,0.0,0.0,0.3125,0.0,0.26666666666666666,0.6333333333333333,0.0,0.0,0.0,0.0,0.0,0.5294117647058824,0.0,0.0,0.0,0.0,0.0,0.0,0.0,0.0,0.0,0.0,0.058823529411764705,0.0,0.0,0.0,0.0,0.0,0.0,0.0,0.0,1.0,0.0,1.0,0.0,0.0
5,Napoletano,0.0,1.0,1.0,0.03333333333333333,0.0,0.0,0.0,0.0,0.5,0.0,0.0,0.0,0.0,1.0,0.0,0.0,0.0,0.0,0.0,0.0,0.0,0.0,0.0,0.0,0.0,0.0,0.0,0.0,0.0,0.0,0.0,0.0,0.0,0.0,0.0,0.0,0.0,0.0,0.0,0.0,1.0,0.0,0.0,0.0,0.0,0.0,0.0,0.0,0.0,0.0,1.0,0.0,0.0,0.0,0.0,0.0,0.4117647058823529,0.0,0.0,0.0,0.0,0.0,0.0,0.0,0.0,0.0,0.0,0.0,0.0,0.0,0.0,0.0,0.0,0.0,0.0,0.0,0.19230769230769232,0.0,0.0,0.0,0.0
5,Parmigiano,0.0,0.0,0.9666666666666667,0.0,0.05,0.0,0.0,0.0,0.9285714285714286,0.0,0.0,0.0,0.0,0.26666666666666666,0.0,0.0,0.0,0.0,0.0,0.0,0.0,0.0,0.0,0.0,0.03333333333333333,0.09090909090909091,0.0,0.0,0.0,0.0,0.0,0.0,0.0,0.0,0.0,0.0,0.0,0.0,0.0,0.0,0.5,0.0,0.0,0.0,0.25,0.0,0.0,0.375,0.0,0.0,1.0,0.0,0.0,0.0,0.0,0.0,0.8823529411764706,0.0,0.0,0.0,0.0,0.0,0.0,0.0,0.0,0.0,0.0,0.058823529411764705,0.0,0.0,0.0,0.0,0.0,0.0,0.0,0.0,0.7692307692307693,0.0,0.125,1.0,0.0
5,Sicilian,0.0,0.1111111111111111,1.0,0.0,0.0,0.0,0.0,0.0,0.5714285714285714,0.0,0.0,0.0,0.0,0.8666666666666667,0.0,0.0,0.0,0.0,0.0,0.0,0.0,0.0,0.0,0.0,0.0,0.0,0.0,0.0,0.0,0.0,0.0,0.0,0.0,0.0,0.0,0.0,0.0,0.0,0.0,0.0,0.5,0.0,0.0,0.0,0.0,0.0,0.0,0.0,0.0,0.0,1.0,0.0,0.0,0.0,0.0,0.0,1.0,0.0,0.0,0.0,0.0,0.0,0.0,0.0,0.0,0.0,0.0,0.0,0.0,0.45454545454545453,0.0,0.0,0.0,0.0,0.0,0.0,0.5,0.0,0.0,0.0,0.0
1,delta_NAP,0.0,0.0,0.0,0.0,0.0,0.0,0.0,0.0,0.0,0.0,0.0,-0.06666666666666667,0.0,0.0,0.0,0.0,0.0,0.0,0.0,0.0,0.0,-0.09090909090909091,0.09523809523809523,0.0,0.0,0.0,0.0,0.0,0.0,0.0,0.0,0.0,0.0,0.0,0.0,0.0,0.0,0.0,0.0,0.0,0.0,0.0,0.0,0.0,0.0,0.0,0.0,0.9375,0.0,0.0,0.0,0.0,0.0,0.0,0.13333333333333333,0.0,0.0,-0.42857142857142855,0.0,0.0,0.0,0.0,0.0,0.0,0.0,0.0,0.0,0.0,0.0,0.0,0.0,0.0,0.0,-0.6428571428571429,0.0,0.0,0.0,0.0,0.0,0.0,0.0
1,delta_PAR,0.0,0.0,0.0,0.0,0.0,0.0,0.0,0.0,0.0,0.0,0.0,0.0,0.0,0.0,0.0,0.0,0.0,0.0,0.0,0.0,0.0,0.0,0.0,0.0,0.0,0.0,0.0,0.0,0.0,0.0,0.0,0.0,0.0,0.0,0.0,0.0,0.0,0.0,0.0,0.0,0.0,0.0,0.0,0.0,0.0,1.0,0.0,0.8125,0.0,0.0,0.0,0.0,0.0,0.0,0.13333333333333333,0.0,0.0,-0.3333333333333333,0.0,0.0,0.0,0.0,0.0,0.0,0.0,0.0,0.0,0.0,0.0,0.0,0.0,0.0,0.0,-0.9285714285714286,0.0,0.0,0.0,0.0,0.0,0.0,0.0
1,delta_SIC,0.0,0.0,0.0,0.0,0.0,0.0,0.0,0.0,0.0,0.0,0.0,0.1,0.0,0.0,0.0,0.0,0.0,0.0,0.0,0.0,0.0,0.9090909090909091,0.0,0.0,0.0,0.0,0.0,0.0,0.0,0.0,0.0,0.23076923076923078,0.0,0.0,0.0,0.0,0.0,0.0,0.0,0.0,0.0,0.0,0.0,0.0,0.0,0.0,0.0,0.125,0.0,0.0,0.0,0.0,0.0,0.0,0.13333333333333333,0.0,0.0,-0.47619047619047616,0.0,0.0,0.0,1.0,0.0,0.0,0.0,0.0,0.0,0.0,0.0,0.0,0.0,0.0,0.0,-0.9285714285714286,0.0,0.0,0.0,0.0,0.0,0.0,0.0
2,delta_NAP,0.0,0.0,0.0,0.0,0.0,0.0,0.0,0.034482758620689655,-0.21428571428571427,0.0,0.0,0.0,-0.06666666666666667,0.0,0.5,0.0,0.0,0.16666666666666666,-0.5172413793103449,0.0,0.0,0.0,0.09523809523809523,0.0,0.0,0.0,0.6774193548387096,0.0,0.0,0.0,0.0,0.0,0.0,0.0,0.0,0.0,-0.034482758620689655,0.0,0.14285714285714285,0.0,0.0,0.0,0.0,0.0,0.0,0.0,0.0,0.0,0.0,0.0,0.0,0.0,0.0,0.0,-0.16666666666666666,0.1,0.0,0.0,0.0,0.0,0.0,0.0,0.0,0.0,0.0,0.0,0.0,0.0,0.0,0.18181818181818182,0.0,-0.23809523809523808,0.0,0.0,0.0,1.0,0.0,0.0,0.0,0.0,0.0
2,delta_PAR,0.0,0.0,0.0,0.0,0.0,0.0,0.0,0.3103448275862069,0.7142857142857143,0.0,0.0,0.0,-0.3,0.0,0.0,0.0,0.0,0.0,-0.6206896551724138,0.0,0.0,0.0,0.0,0.0,0.0,0.0,0.6451612903225806,0.0,0.0,0.0,0.0,0.0,0.0,0.0,0.0,0.0,-0.3793103448275862,0.0,0.14285714285714285,0.0,0.0,0.0,0.0,0.0,0.0,0.0,0.0,0.0,0.0,0.0,0.0,0.0,0.0,0.0,0.13333333333333333,-0.43333333333333335,0.0,0.0,0.0,0.0,0.0,0.0,0.0,0.0,0.0,0.0,0.0,0.0,0.0,1.0,0.0,-0.5714285714285714,0.0,0.0,0.0,1.0,0.0,0.0,0.0,1.0,0.0
2,delta_SIC,0.0,0.0,0.0,0.0,0.0,0.0,0.0,0.4482758620689655,-0.2857142857142857,0.0,0.0,0.0,-1.0,0.0,0.0,0.0,0.0,0.0,0.13793103448275862,0.0,0.0,0.0,0.047619047619047616,0.0,0.0,0.0,0.8387096774193549,0.0,0.0,0.0,0.0,0.0,0.0,0.0,0.0,0.0,-0.7931034482758621,0.0,0.0,0.0,0.0,0.0,0.0,0.0,0.0,0.0,0.0,0.0,0.0,0.0,0.0,0.0,0.0,0.0,0.06666666666666667,0.16666666666666666,0.0,0.0,0.0,0.0,0.0,0.0,0.0,0.0,0.0,0.0,0.0,0.0,0.0,0.09090909090909091,0.0,-0.9523809523809523,0.0,0.0,0.0,0.0,0.0,0.0,0.0,0.0,0.0
3,delta_NAP,0.0,0.0,0.0,0.0,0.4,0.0,0.0,0.0,0.0,0.0,0.0,0.0,0.0,0.0,-0.5,-0.5833333333333334,0.0,0.0,0.0,0.0,0.0,0.0,0.0,0.0,0.0,0.0,0.0,0.0,0.0,0.0,0.0,0.0,0.0,0.0,0.0,0.0,0.0,0.0,-0.14285714285714285,0.0,0.0,0.0,0.0,0.0,0.0,0.0,0.0,0.0,0.0,-0.6,0.0,0.0,0.0,0.0,0.0,0.0,0.0,0.0,1.0,0.0,0.0,0.0,-0.03333333333333333,0.0,0.0,-1.0,0.0,0.0,0.6666666666666666,0.0,0.0,0.09523809523809523,0.0,0.0,0.25,0.0,0.0,0.0,0.0,0.0,0.0
3,delta_PAR,0.0,0.0,0.0,0.0,0.95,1.0,0.0,0.0,0.0,0.0,0.0,0.0,0.0,0.0,-0.5,-0.3333333333333333,0.0,0.0,0.0,0.0,0.0,0.0,0.0,0.0,0.0,0.0,0.0,0.0,0.0,0.0,0.0,0.07692307692307693,0.0,0.0,0.0,0.0,0.0,0.0,-0.5714285714285714,0.0,0.0,0.0,0.0,0.0,0.0,0.0,0.0,0.0,0.0,-0.3333333333333333,0.0,0.0,0.0,0.0,0.0,0.0,0.0,0.0,0.0,0.0,0.0,0.0,-0.3,0.0,0.0,0.0,0.0,1.0,-0.3333333333333333,0.0,0.0,-0.6190476190476191,0.0,0.0,-0.25,0.0,0.0,0.0,0.0,0.0,0.0
3,delta_SIC,0.0,0.0,0.0,0.0,0.45,0.5,0.0,0.0,0.07142857142857142,0.0,0.0,0.0,0.0,0.0,0.5,-1.0,0.0,0.0,0.0,0.0,0.0,0.0,0.0,0.0,0.0,0.0,0.0,0.0,0.0,0.0,0.0,-0.3076923076923077,0.0,0.0,0.0,0.0,0.0,0.0,-0.7142857142857143,0.0,0.0,0.0,0.0,0.0,1.0,0.0,0.0,0.0,0.0,-0.3333333333333333,0.0,0.0,0.0,0.0,0.0,0.0,0.0,0.0,0.0,0.0,0.0,0.0,-0.16666666666666666,0.0,0.0,-1.0,0.0,0.058823529411764705,-0.3333333333333333,0.0,0.0,0.14285714285714285,0.0,0.0,0.32142857142857145,0.0,0.0,0.0,0.0,0.0,0.0
4,delta_NAP,0.0,0.0,0.0,0.0,0.0,0.0,0.0,-0.3793103448275862,0.0,0.0,0.0,0.23333333333333334,0.0,0.0,0.0,0.0,0.0,-1.0,0.0,0.0,0.0,0.0,0.38095238095238093,0.0,0.0,0.0,0.0,0.0,0.0,0.0,0.0,0.0,0.0,0.0,0.0,0.0,-0.27586206896551724,0.0,0.0,0.0,0.0,0.0,0.0,0.0,0.0,0.0,0.0,0.0,0.0,0.0,0.0,0.0,0.0,0.0,0.1,0.23333333333333334,0.0,0.0,0.0,0.0,0.0,0.0,0.0,0.0,0.0,0.0,-0.3333333333333333,0.0,0.0,0.0,0.0,0.0,0.0,0.0,0.0,0.0,0.0,0.0,0.0,0.0,0.0
4,delta_PAR,0.0,0.0,0.0,0.0,0.0,0.0,0.0,-0.3448275862068966,0.0,0.0,0.0,0.06666666666666667,0.03333333333333333,0.0,0.0,0.0,0.0,-1.0,0.0,0.0,1.0,0.0,0.5714285714285714,0.0,0.0,0.0,0.0,0.0,0.0,1.0,0.0,0.0,0.0,0.0,0.0,0.0,-0.034482758620689655,0.0,0.0,0.0,0.0,0.0,0.0,0.0,0.0,0.0,0.0,0.0,0.0,0.0,0.0,0.0,0.0,0.0,-0.13333333333333333,0.2,0.0,0.0,0.0,0.0,0.0,0.0,0.0,0.0,0.0,0.0,-0.3333333333333333,0.0,0.0,0.0,0.0,0.0,0.0,0.0,0.0,0.0,0.0,0.0,0.0,0.0,0.0
4,delta_SIC,0.0,0.0,0.0,0.0,0.0,0.0,0.0,0.0,0.0,0.0,0.0,0.26666666666666666,0.0,0.0,0.0,0.0,0.0,-0.8333333333333334,0.0,0.0,0.0,0.0,-0.047619047619047616,0.0,0.0,0.0,0.0,0.0,0.0,0.0,0.0,0.0,0.0,0.0,0.0,0.0,0.0,0.0,0.0,0.0,0.0,0.0,0.0,0.0,0.0,0.0,0.0,0.0,0.0,0.0,0.0,0.0,0.0,0.0,-0.16666666666666666,0.16666666666666666,0.0,0.0,0.0,0.0,0.0,0.0,0.0,0.0,0.0,0.0,-1.0,0.0,0.0,0.0,0.0,0.0,0.0,0.0,0.0,0.0,0.0,0.0,0.0,0.0,0.0
5,delta_NAP,0.0,1.0,0.36666666666666664,0.03333333333333333,-0.6,0.0,0.0,0.0,0.5,0.0,0.0,0.0,0.0,1.0,0.0,0.0,0.0,0.0,0.0,0.0,0.0,0.0,0.0,0.0,-0.5,-1.0,0.0,0.0,0.0,0.0,0.0,-0.5384615384615384,0.0,0.0,0.0,0.0,0.0,0.0,0.0,0.0,1.0,-1.0,0.0,-1.0,-0.5,0.0,0.0,-0.3125,0.0,-0.26666666666666666,0.36666666666666664,0.0,0.0,0.0,0.0,0.0,-0.11764705882352941,0.0,0.0,0.0,0.0,0.0,0.0,0.0,0.0,0.0,0.0,-0.058823529411764705,0.0,0.0,0.0,0.0,0.0,0.0,0.0,0.0,-0.8076923076923077,0.0,-1.0,0.0,0.0
5,delta_PAR,0.0,0.0,0.3333333333333333,0.0,-0.55,0.0,0.0,0.0,0.9285714285714286,0.0,0.0,0.0,0.0,0.26666666666666666,0.0,0.0,0.0,0.0,0.0,0.0,0.0,0.0,0.0,0.0,-0.4666666666666667,-0.9090909090909091,0.0,0.0,0.0,0.0,0.0,-0.5384615384615384,0.0,0.0,0.0,0.0,0.0,0.0,0.0,0.0,0.5,-1.0,0.0,-1.0,-0.25,0.0,0.0,0.0625,0.0,-0.26666666666666666,0.36666666666666664,0.0,0.0,0.0,0.0,0.0,0.35294117647058826,0.0,0.0,0.0,0.0,0.0,0.0,0.0,0.0,0.0,0.0,0.0,0.0,0.0,0.0,0.0,0.0,0.0,0.0,0.0,-0.23076923076923078,0.0,-0.875,1.0,0.0
5,delta_SIC,0.0,0.1111111111111111,0.36666666666666664,0.0,-0.6,0.0,0.0,0.0,0.5714285714285714,0.0,0.0,0.0,0.0,0.8666666666666667,0.0,0.0,0.0,0.0,0.0,0.0,0.0,0.0,0.0,0.0,-0.5,-1.0,0.0,0.0,0.0,0.0,0.0,-0.5384615384615384,0.0,0.0,0.0,0.0,0.0,0.0,0.0,0.0,0.5,-1.0,0.0,-1.0,-0.5,0.0,0.0,-0.3125,0.0,-0.26666666666666666,0.36666666666666664,0.0,0.0,0.0,0.0,0.0,0.47058823529411764,0.0,0.0,0.0,0.0,0.0,0.0,0.0,0.0,0.0,0.0,-0.058823529411764705,0.0,0.45454545454545453,0.0,0.0,0.0,0.0,0.0,0.0,-0.5,0.0,-1.0,0.0,0.0
mean,mean_delta_NAP,0.0,0.2,0.07333333333333333,0.006666666666666667,-0.04,0.0,0.0,-0.06896551724137931,0.05714285714285715,0.0,0.0,0.03333333333333333,-0.013333333333333334,0.2,0.0,-0.11666666666666665,0.0,-0.16666666666666666,-0.10344827586206896,0.0,0.0,-0.018181818181818184,0.11428571428571428,0.0,-0.1,-0.2,0.13548387096774195,0.0,0.0,0.0,0.0,-0.10769230769230768,0.0,0.0,0.0,0.0,-0.06206896551724138,0.0,0.0,0.0,0.2,-0.2,0.0,-0.2,-0.1,0.0,0.0,0.125,0.0,-0.17333333333333334,0.07333333333333333,0.0,0.0,0.0,0.013333333333333334,0.06666666666666667,-0.023529411764705882,-0.08571428571428572,0.2,0.0,0.0,0.0,-0.006666666666666667,0.0,0.0,-0.2,-0.06666666666666667,-0.011764705882352941,0.13333333333333333,0.03636363636363637,0.0,-0.02857142857142857,0.0,-0.1285714285714286,0.049999999999999996,0.2,-0.16153846153846155,0.0,-0.2,0.0,0.0
mean,mean_delta_PAR,0.0,0.0,0.06666666666666667,0.0,0.08,0.2,0.0,-0.006896551724137932,0.32857142857142857,0.0,0.0,0.013333333333333334,-0.05333333333333334,0.05333333333333334,-0.1,-0.06666666666666667,0.0,-0.19999999999999998,-0.12413793103448276,0.0,0.2,0.0,0.11428571428571428,0.0,-0.09333333333333332,-0.18181818181818182,0.12903225806451613,0.0,0.0,0.2,0.0,-0.0923076923076923,0.0,0.0,0.0,0.0,-0.08275862068965517,0.0,-0.08571428571428572,0.0,0.1,-0.2,0.0,-0.2,-0.05,0.19999999999999998,0.0,0.175,0.0,-0.12000000000000001,0.07333333333333333,0.0,0.0,0.0,0.02666666666666667,-0.04666666666666666,0.07058823529411765,-0.06666666666666667,0.0,0.0,0.0,0.0,-0.060000000000000005,0.0,0.0,0.0,-0.06666666666666667,0.19999999999999998,-0.06666666666666667,0.2,0.0,-0.23809523809523808,0.0,-0.18571428571428572,-0.049999999999999996,0.2,-0.04615384615384615,0.0,-0.175,0.4,0.0
mean,mean_delta_SIC,0.0,0.022222222222222223,0.07333333333333333,0.0,-0.03,0.1,0.0,0.0896551724137931,0.07142857142857142,0.0,0.0,0.07333333333333333,-0.2,0.17333333333333334,0.1,-0.19999999999999998,0.0,-0.16666666666666666,0.027586206896551727,0.0,0.0,0.18181818181818182,0.0,0.0,-0.1,-0.2,0.16774193548387098,0.0,0.0,0.0,0.0,-0.12307692307692308,0.0,0.0,0.0,0.0,-0.1586206896551724,0.0,-0.14285714285714285,0.0,0.1,-0.2,0.0,-0.2,0.1,0.0,0.0,-0.0375,0.0,-0.12000000000000001,0.07333333333333333,0.0,0.0,0.0,0.006666666666666667,0.06666666666666667,0.09411764705882353,-0.09523809523809523,0.0,0.0,0.0,0.2,-0.03333333333333333,0.0,0.0,-0.2,-0.19999999999999998,0.0,-0.06666666666666667,0.10909090909090909,0.0,-0.1619047619047619,0.0,-0.18571428571428572,0.0642857142857143,0.0,-0.1,0.0,-0.2,0.0,0.0
global_mean,global_mean_delta_NAP,-0.5531914893617026,-0.007133058984910841,-0.002139917695473252,-0.002139917695473252,-0.003209876543209878,-0.03209876543209878,-0.5531914893617026,-0.0022137079608343987,-0.004585537918871255,-0.5531914893617026,-0.002139917695473252,-0.002139917695473252,-0.002139917695473252,-0.002139917695473252,-0.03209876543209878,-0.00534979423868313,-0.5531914893617026,-0.01069958847736626,-0.0022137079608343987,-0.5531914893617026,-0.06419753086419756,-0.005836139169472506,-0.003057025279247503,-0.5531914893617026,-0.002139917695473252,-0.005836139169472506,-0.00207088809239347,-0.5531914893617026,-0.5531914893617026,-0.06419753086419756,-0.5531914893617026,-0.004938271604938274,-0.5531914893617026,-0.5531914893617026,-0.5531914893617026,-0.5531914893617026,-0.0022137079608343987,-0.5531914893617026,-0.00917107583774251,-0.5531914893617026,-0.03209876543209878,-0.03209876543209878,-0.5531914893617026,-0.008024691358024695,-0.01604938271604939,-0.02139917695473252,-0.5531914893617026,-0.004012345679012348,-0.5531914893617026,-0.004279835390946504,-0.002139917695473252,-0.5531914893617026,-0.5531914893617026,-0.5531914893617026,-0.002139917695473252,-0.002139917695473252,-0.0037763253449527977,-0.003057025279247503,-0.06419753086419756,-0.5531914893617026,-0.5531914893617026,-0.06419753086419756,-0.002139917695473252,-0.5531914893617026,-0.5531914893617026,-0.06419753086419756,-0.02139917695473252,-0.0037763253449527977,-0.02139917695473252,-0.005836139169472506,-0.5531914893617026,-0.003057025279247503,-0.5531914893617026,-0.004585537918871255,-0.0022927689594356274,-0.06419753086419756,-0.002469135802469137,-0.5531914893617026,-0.008024691358024695,-0.06419753086419756,-0.5531914893617026
global_mean,global_mean_delta_PAR,-0.6170212765957451,-0.007956104252400552,-0.0023868312757201657,-0.0023868312757201657,-0.0035802469135802484,-0.035802469135802484,-0.6170212765957451,-0.0024691358024691366,-0.005114638447971783,-0.6170212765957451,-0.0023868312757201657,-0.0023868312757201657,-0.0023868312757201657,-0.0023868312757201657,-0.035802469135802484,-0.005967078189300414,-0.6170212765957451,-0.011934156378600827,-0.0024691358024691366,-0.6170212765957451,-0.07160493827160497,-0.006509539842873179,-0.0034097589653145225,-0.6170212765957451,-0.0023868312757201657,-0.006509539842873179,-0.00230983671843887,-0.6170212765957451,-0.6170212765957451,-0.07160493827160497,-0.6170212765957451,-0.005508072174738843,-0.6170212765957451,-0.6170212765957451,-0.6170212765957451,-0.6170212765957451,-0.0024691358024691366,-0.6170212765957451,-0.010229276895943567,-0.6170212765957451,-0.035802469135802484,-0.035802469135802484,-0.6170212765957451,-0.008950617283950621,-0.017901234567901242,-0.023868312757201655,-0.6170212765957451,-0.0044753086419753105,-0.6170212765957451,-0.0047736625514403315,-0.0023868312757201657,-0.6170212765957451,-0.6170212765957451,-0.6170212765957451,-0.0023868312757201657,-0.0023868312757201657,-0.004212055192447351,-0.0034097589653145225,-0.07160493827160497,-0.6170212765957451,-0.6170212765957451,-0.07160493827160497,-0.0023868312757201657,-0.6170212765957451,-0.6170212765957451,-0.07160493827160497,-0.023868312757201655,-0.004212055192447351,-0.023868312757201655,-0.006509539842873179,-0.6170212765957451,-0.0034097589653145225,-0.6170212765957451,-0.005114638447971783,-0.0025573192239858916,-0.07160493827160497,-0.0027540360873694217,-0.6170212765957451,-0.008950617283950621,-0.07160493827160497,-0.6170212765957451
global_mean,global_mean_delta_SIC,-1.0,-0.012894375857338816,-0.0038683127572016448,-0.0038683127572016448,-0.005802469135802467,-0.05802469135802467,-1.0,-0.004001702852277563,-0.008289241622574953,-1.0,-0.0038683127572016448,-0.0038683127572016448,-0.0038683127572016448,-0.0038683127572016448,-0.05802469135802467,-0.009670781893004111,-1.0,-0.019341563786008223,-0.004001702852277563,-1.0,-0.11604938271604934,-0.010549943883277213,-0.005526161081716635,-1.0,-0.0038683127572016448,-0.010549943883277213,-0.003743528474711269,-1.0,-1.0,-0.11604938271604934,-1.0,-0.008926875593542256,-1.0,-1.0,-1.0,-1.0,-0.004001702852277563,-1.0,-0.016578483245149905,-1.0,-0.05802469135802467,-0.05802469135802467,-1.0,-0.014506172839506167,-0.029012345679012334,-0.038683127572016446,-1.0,-0.007253086419753084,-1.0,-0.0077366255144032895,-0.0038683127572016448,-1.0,-1.0,-1.0,-0.0038683127572016448,-0.0038683127572016448,-0.006826434277414667,-0.005526161081716635,-0.11604938271604934,-1.0,-1.0,-0.11604938271604934,-0.0038683127572016448,-1.0,-1.0,-0.11604938271604934,-0.038683127572016446,-0.006826434277414667,-0.038683127572016446,-0.010549943883277213,-1.0,-0.005526161081716635,-1.0,-0.008289241622574953,-0.004144620811287476,-0.11604938271604934,-0.004463437796771128,-1.0,-0.014506172839506167,-0.11604938271604934,-1.0
